{
    "116302469696.0": 0.0752947098165189,
    "80361323497.0": 0.0520262600527228,
    "104797685951.0": 0.0678464642560777,
    "74257266955.0": 0.048074468081023,
    "131076012228.0": 0.08485916361373,
    "86737187415.0": 0.0561540212669968,
    "125285919086.0": 0.0811106328724907,
    "79344080790.0": 0.0513676928302319,
    "171677412600.0": 0.1111446816009648,
    "109988952038.0": 0.0712073118341446,
    "171714520305.0": 0.1111687052858207,
    "100557677245.0": 0.0651014647219124,
    "70187057991.0": 0.0454393976165863,
    "1137612814.0": 0.0007364953378683,
    "60061838940.0": 0.0388842880624514,
    "133493186125.0": 0.0864240521980086,
    "3147344150.0": 0.0020376038882613,
    "3473794935.0": 0.0022489495044825,
    "154399840840.0": 0.0999591087115524,
    "139822385727.0": 0.090521602737125,
    "171679162456.0": 0.1111458144651257,
    "180993821466.0": 0.1171761640271857,
    "101620912134.0": 0.0657898074771722,
    "105836651154.0": 0.0685190947141739,
    "85716204168.0": 0.0554930324031203,
    "143619333132.0": 0.092979762514775,
    "97446463000.0": 0.0630872514866594,
    "993189933.0": 0.0006429953550719,
    "132424056684.0": 0.085731893284902,
    "292760767.0": 0.0001895345563558,
    "144743920349.0": 0.093707825026162,
    "171675650228.0": 0.1111435406338927,
    "1544630027520.0": 1.0,
    "77309341604.0": 0.0500503940921859,
    "122804316999.0": 0.0795040332060422,
    "115215203133.0": 0.0745908088540692,
    "1184589441.0": 0.0007669082044856,
    "171714594954.0": 0.1111687536138984,
    "126349470464.0": 0.081799180524065,
    "423347876.0": 0.000274077201956,
    "96409009209.0": 0.062415599523072,
    "76292022825.0": 0.049391777620361,
    "1843272045.0": 0.0011933421027425,
    "2280698816.0": 0.0014765340407513,
    "113103820352.0": 0.0732238907290927,
    "171713673538.0": 0.1111681570852905,
    "164753788476.0": 0.1066622981171242,
    "111027261078.0": 0.0718795174895448,
    "1046772840.0": 0.0006776851552476,
    "78326629150.0": 0.0507089903436347,
    "146979342180.0": 0.0951550465557014,
    "2431917218.0": 0.0015744334725284,
    "171680264013.0": 0.1111465276177774,
    "162494134128.0": 0.1051993883537888,
    "112962157.0": 7.31321772770194e-05,
    "40533510.0": 2.624156547382358e-05,
    "69169725120.0": 0.0447807720215411,
    "57133685.0": 3.698858884138858e-05,
    "2185868683.0": 0.0014151406123507,
    "149375962678.0": 0.0967066287827075,
    "62448929228.0": 0.0404297003912747,
    "171675872536.0": 0.1111436845570303,
    "2726609896.0": 0.0017652187562207,
    "155507500575.0": 0.1006762122996385,
    "3015469758.0": 0.0019522278502131,
    "180993893284.0": 0.1171762105224621,
    "167331604156.0": 0.1083311868698172,
    "171676231477.0": 0.1111439169369489,
    "136554939996.0": 0.0884062445783522,
    "48965772.0": 3.170064748684033e-05,
    "1546232996.0": 0.0010010377685603,
    "165883229568.0": 0.1073935030476753,
    "153293172342.0": 0.0992426468544844,
    "4256387450.0": 0.0027556032021686,
    "2103046020.0": 0.0013615208707139,
    "177792117065.0": 0.1151033670829618,
    "171680192195.0": 0.111146481122501,
    "61269489582.0": 0.0396661261858103,
    "72222664659.0": 0.0467572579661409,
    "128476021421.0": 0.0831759185902117,
    "857477960.0": 0.0005551348508851,
    "169989571890.0": 0.1100519664006071,
    "947462802.0": 0.0006133914174394,
    "135156077658.0": 0.0875006151958611,
    "160213605008.0": 0.1037229641749441,
    "2579527260.0": 0.0016699968368099,
    "4737568004.0": 0.0030671215239849,
    "94263439907.0": 0.0610265489000921,
    "117458234991.0": 0.0760429571472118,
    "171752504726.0": 0.1111932965603157,
    "32255980.0": 2.088265761076068e-05,
    "93227399460.0": 0.0603558119413762,
    "63895993875.0": 0.0413665361520836,
    "90301670008.0": 0.0584616823440788,
    "148068214592.0": 0.0958599871515723,
    "171677823244.0": 0.1111449474536238,
    "4902311055.0": 0.0031737768706147,
    "112064988996.0": 0.0725513469241092,
    "75274676048.0": 0.0487331430225127,
    "84432207911.0": 0.0546617678063407,
    "171716839639.0": 0.1111702068324426,
    "58023700888.0": 0.0375647888842098,
    "102686476167.0": 0.0664796581300892,
    "171676504296.0": 0.1111440935611211,
    "151096009836.0": 0.0978201945734501,
    "118499465658.0": 0.0767170542762646,
    "171677690783.0": 0.1111448616978133,
    "71205258320.0": 0.0460985848076024,
    "3220903180.0": 0.0020852263147903,
    "123494844.0": 7.99510833013383e-05,
    "95367880892.0": 0.0617415686558412,
    "1091019775.0": 0.0007063308077415,
    "171679134891.0": 0.1111457966194283,
    "180993792560.0": 0.1171761453133193,
    "81378905120.0": 0.0526850466908628,
    "86981660.0": 5.631229385049214e-05,
    "5323234302.0": 0.0034462843575213,
    "59031801000.0": 0.0382174371521051,
    "589778128.0": 0.0003818248496353,
    "177822919388.0": 0.1151233086368946,
    "92189087694.0": 0.0596836045211521,
    "813730347.0": 0.0005268124615617,
    "3652261034.0": 0.0023644892103152,
    "5626476099.0": 0.0036426043769417,
    "137912595200.0": 0.0892851962883482,
    "3924709880.0": 0.0025408737432751,
    "2943236988.0": 0.0019054640500065,
    "73240003512.0": 0.0474158874339581,
    "99520667904.0": 0.0644301004971311,
    "5426675760.0": 0.003513252794077,
    "68151334767.0": 0.0441214618081853,
    "171677346146.0": 0.1111446385783647,
    "2871400040.0": 0.0018589565066336,
    "161342508613.0": 0.1044538211341427,
    "65097116864.0": 0.0421441482453358,
    "2355105984.0": 0.0015247055554016,
    "498352170.0": 0.0003226352984993,
    "120725280532.0": 0.0781580562212894,
    "171677872265.0": 0.1111449791900262,
    "5525481192.0": 0.0035772198478308,
    "637678806.0": 0.0004128359507705,
    "4358607237.0": 0.002821780723762,
    "6963982.0": 4.508511343121504e-06,
    "3742505519.0": 0.0024229138708437,
    "127414224000.0": 0.082488506457803,
    "171717177422.0": 0.1111704255145827,
    "2506278915.0": 0.0016225755490614,
    "2652847423.0": 0.0017174646198347,
    "171712775515.0": 0.1111675757014096,
    "103758597200.0": 0.0671737538124847,
    "171715213006.0": 0.1111691537433721,
    "103149546511.1478": 0.0667794518256005,
    "83414148958.0": 0.0540026721427438,
    "171717238512.0": 0.1111704650645065,
    "900881499.0": 0.0005832344852484,
    "108951250170.0": 0.0705354992644601,
    "106874549352.0": 0.0691910343887291,
    "82396515816.0": 0.0533438521509858,
    "171677826522.0": 0.1111449495758149,
    "140909268760.0": 0.0912252554006338,
    "129538460276.0": 0.0838637459896996,
    "67133348172.0": 0.0434624129894631,
    "88781319258.0": 0.0574774008508328,
    "98483343150.0": 0.0637585320726421,
    "87760637752.0": 0.0568166073353534,
    "142179357910.0": 0.0920475164776369,
    "180995144884.0": 0.1171770208135853,
    "2798861988.0": 0.0018119950655716,
    "145834585066.0": 0.0944139259678555,
    "163623354560.0": 0.1059304504281245,
    "75871179.0": 4.911932155159246e-05,
    "107912985544.0": 0.0698633223628709,
    "66116145680.0": 0.0428038718023328,
    "119539390170.0": 0.0773903057950569,
    "114142250970.0": 0.0738961750946034,
    "726162894.0": 0.0004701209228503,
    "65295944.0": 4.227286977247018e-05
}