{
    "ENERO": 0.0833333333333333,
    "FEBRERO": 0.1666666666666666,
    "MARZO": 0.25,
    "ABRIL": 0.3333333333333333,
    "MAYO": 0.4166666666666667,
    "JUNIO": 0.5,
    "JULIO": 0.5833333333333334,
    "AGOSTO": 0.6666666666666666,
    "SEPTIEMBRE": 0.75,
    "OCTUBRE": 0.8333333333333334,
    "NOVIEMBRE": 0.9166666666666666,
    "DICIEMBRE": 1.0
}