{
    "5": 0.0675675675675675,
    "65": 0.8783783783783784,
    "48": 0.6486486486486487,
    "19": 0.2567567567567567,
    "4": 0.054054054054054,
    "47": 0.6351351351351351,
    "62": 0.8378378378378378,
    "34": 0.4594594594594595,
    "21": 0.2837837837837837,
    "45": 0.6081081081081081,
    "57": 0.7702702702702703,
    "56": 0.7567567567567568,
    "16": 0.2162162162162162,
    "60": 0.8108108108108109,
    "53": 0.7162162162162162,
    "2": 0.027027027027027,
    "68": 0.918918918918919,
    "11": 0.1486486486486486,
    "23": 0.3108108108108108,
    "39": 0.527027027027027,
    "42": 0.5675675675675675,
    "36": 0.4864864864864865,
    "8": 0.1081081081081081,
    "58": 0.7837837837837838,
    "63": 0.8513513513513513,
    "18": 0.2432432432432432,
    "10": 0.1351351351351351,
    "61": 0.8243243243243243,
    "40": 0.5405405405405406,
    "15": 0.2027027027027027,
    "46": 0.6216216216216216,
    "35": 0.4729729729729729,
    "52": 0.7027027027027027,
    "28": 0.3783783783783784,
    "41": 0.5540540540540541,
    "9": 0.1216216216216216,
    "73": 0.9864864864864864,
    "33": 0.4459459459459459,
    "30": 0.4054054054054054,
    "13": 0.1756756756756756,
    "14": 0.1891891891891892,
    "49": 0.6621621621621622,
    "50": 0.6756756756756757,
    "59": 0.7972972972972973,
    "66": 0.8918918918918919,
    "17": 0.2297297297297297,
    "69": 0.9324324324324323,
    "22": 0.2972972972972973,
    "1": 0.0135135135135135,
    "72": 0.972972972972973,
    "43": 0.581081081081081,
    "70": 0.945945945945946,
    "64": 0.8648648648648649,
    "55": 0.7432432432432432,
    "26": 0.3513513513513513,
    "20": 0.2702702702702703,
    "24": 0.3243243243243243,
    "27": 0.3648648648648648,
    "7": 0.0945945945945946,
    "37": 0.5,
    "74": 1.0,
    "25": 0.3378378378378378,
    "12": 0.1621621621621621,
    "38": 0.5135135135135135,
    "6": 0.081081081081081,
    "29": 0.3918918918918919,
    "31": 0.4189189189189189,
    "32": 0.4324324324324324,
    "67": 0.9054054054054054,
    "71": 0.9594594594594594,
    "54": 0.7297297297297297,
    "51": 0.6891891891891891
}